Estimated positive noise;Estimated negative noise
0.183315;0.354688
0.182499;0.302024
0.047736;0.191481
0.039810;0.268515
0.094766;0.218448
0.050605;0.396407
0.074192;0.189843
0.122359;0.188809
0.061368;0.247465
0.036097;0.206694
