Estimated positive noise;Estimated negative noise
0.093538;0.317435
0.122793;0.156134
0.171214;0.160859
0.198602;0.297887
0.354160;0.291876
0.263872;0.299100
0.215114;0.081634
0.204992;0.206963
0.091989;0.238597
0.034030;0.246032
