Estimated positive noise;Estimated negative noise
0.070135;0.432778
0.091537;0.253589
0.036310;0.250262
0.023231;0.448433
0.068692;0.279837
0.029323;0.415081
0.024447;0.356651
0.034769;0.218470
0.039164;0.308005
0.025543;0.325107
