Estimated positive noise;Estimated negative noise
0.048891;0.395823
0.015674;0.417614
0.053562;0.310795
0.074226;0.385044
0.053312;0.460649
0.052118;0.360842
0.035249;0.360714
0.012383;0.467778
0.013955;0.361723
0.002221;0.450090
