Estimated positive noise;Estimated negative noise
0.246191;0.258547
0.339575;0.183825
0.065638;0.087027
0.126074;0.214957
0.164613;0.102958
0.117497;0.239677
0.112266;0.150935
0.165631;0.067980
0.210974;0.222881
0.116691;0.234410
