Estimated positive noise;Estimated negative noise
0.052377;0.366319
0.056423;0.315765
0.116449;0.293629
0.115696;0.368470
0.111857;0.332128
0.068173;0.375872
0.119179;0.190214
0.069610;0.335435
0.016656;0.359919
0.031688;0.383566
